SAL EXPRESS SOL;LOG E TRANS LT;;;;;;;;;;;;;PAG:    1
SSWBAR;;;;;;DESCARGA;DE COLETA;;;;;;;11/06/2025 11:17
PLACA: TCO7E64;;;;;;;;;;;;;;
;;;;;;;;;;;;;;
VOLUMES;;;;;;;;;;;;;;
----------------;+-------------;+---------;+--------;+------------;+----------;+---------;+----------;+----------;+--;+----------;+---;+---;+--------------------;+--------------------
NR;VOLUME;SITUACAO;USUARIO;CTRC;REMETENTE;NF;PAGADOR;DESTINATAR;UF;CIDADE;UNI;SET;VOLUME_CLIE;MERCADORIA
----------------;+-------------;+---------;+--------;+------------;+----------;+---------;+----------;+----------;+--;+----------;+---;+---;+--------------------;+--------------------
13387250937557 ;001/239;CAPTURADO;agvrpa;SSP801192-3;SYNTEC DO;67650;AGV LOG SA;VETBR SAUD;MG;PERDOES;SAA;2;002970162700001 ;
13387250937694 ;002/239;CAPTURADO;agvrpa;SSP801192-3;SYNTEC DO;67650;AGV LOG SA;VETBR SAUD;MG;PERDOES;SAA;2;002970162700002 ;
13387250937721 ;003/239;CAPTURADO;agvrpa;SSP801192-3;SYNTEC DO;67650;AGV LOG SA;VETBR SAUD;MG;PERDOES;SAA;2;002970162700003 ;
13387250937869 ;004/239;CAPTURADO;agvrpa;SSP801192-3;SYNTEC DO;67650;AGV LOG SA;VETBR SAUD;MG;PERDOES;SAA;2;002970162700004 ;
13387250937900 ;005/239;CAPTURADO;agvrpa;SSP801192-3;SYNTEC DO;67650;AGV LOG SA;VETBR SAUD;MG;PERDOES;SAA;2;002970162700005 ;
13387250938007 ;006/239;CAPTURADO;agvrpa;SSP801192-3;SYNTEC DO;67650;AGV LOG SA;VETBR SAUD;MG;PERDOES;SAA;2;002970162700006 ;
13387250938130 ;007/239;CAPTURADO;agvrpa;SSP801192-3;SYNTEC DO;67650;AGV LOG SA;VETBR SAUD;MG;PERDOES;SAA;2;002970162700007 ;
13387250938278 ;008/239;CAPTURADO;agvrpa;SSP801192-3;SYNTEC DO;67650;AGV LOG SA;VETBR SAUD;MG;PERDOES;SAA;2;002970162700008 ;
13387250938305 ;009/239;;;SSP801192-3;SYNTEC DO;67650;AGV LOG SA;VETBR SAUD;MG;PERDOES;SAA;2;002970162700009 ;
13387250938442 ;010/239;;;SSP801192-3;SYNTEC DO;67650;AGV LOG SA;VETBR SAUD;MG;PERDOES;SAA;2;002970162700010 ;
13387250938580 ;011/239;;;SSP801192-3;SYNTEC DO;67650;AGV LOG SA;VETBR SAUD;MG;PERDOES;SAA;2;002970162700011 ;
13387250938617 ;012/239;;;SSP801192-3;SYNTEC DO;67650;AGV LOG SA;VETBR SAUD;MG;PERDOES;SAA;2;002970162700012 ;
13387250938754 ;013/239;;;SSP801192-3;SYNTEC DO;67650;AGV LOG SA;VETBR SAUD;MG;PERDOES;SAA;2;002970162700013 ;
13387250938891 ;014/239;;;SSP801192-3;SYNTEC DO;67650;AGV LOG SA;VETBR SAUD;MG;PERDOES;SAA;2;002970162700014 ;
13387250938929 ;015/239;;;SSP801192-3;SYNTEC DO;67650;AGV LOG SA;VETBR SAUD;MG;PERDOES;SAA;2;002970162700015 ;
13387250939026 ;016/239;;;SSP801192-3;SYNTEC DO;67650;AGV LOG SA;VETBR SAUD;MG;PERDOES;SAA;2;002970162700016 ;
13387250939163 ;017/239;;;SSP801192-3;SYNTEC DO;67650;AGV LOG SA;VETBR SAUD;MG;PERDOES;SAA;2;002970162700017 ;
13387250939204 ;018/239;;;SSP801192-3;SYNTEC DO;67650;AGV LOG SA;VETBR SAUD;MG;PERDOES;SAA;2;002970162700018 ;
13387250939338 ;019/239;;;SSP801192-3;SYNTEC DO;67650;AGV LOG SA;VETBR SAUD;MG;PERDOES;SAA;2;002970162700019 ;
13387250939475 ;020/239;;;SSP801192-3;SYNTEC DO;67650;AGV LOG SA;VETBR SAUD;MG;PERDOES;SAA;2;002970162700020 ;
13387250939502 ;021/239;;;SSP801192-3;SYNTEC DO;67650;AGV LOG SA;VETBR SAUD;MG;PERDOES;SAA;2;002970162700021 ;
13387250939640 ;022/239;;;SSP801192-3;SYNTEC DO;67650;AGV LOG SA;VETBR SAUD;MG;PERDOES;SAA;2;002970162700022 ;
13387250939787 ;023/239;;;SSP801192-3;SYNTEC DO;67650;AGV LOG SA;VETBR SAUD;MG;PERDOES;SAA;2;002970162700023 ;
13387250939814 ;024/239;;;SSP801192-3;SYNTEC DO;67650;AGV LOG SA;VETBR SAUD;MG;PERDOES;SAA;2;002970162700024 ;
13387250939951 ;025/239;;;SSP801192-3;SYNTEC DO;67650;AGV LOG SA;VETBR SAUD;MG;PERDOES;SAA;2;002970162700025 ;
13387250940000 ;026/239;;;SSP801192-3;SYNTEC DO;67650;AGV LOG SA;VETBR SAUD;MG;PERDOES;SAA;2;002970162700026 ;
13387250940134 ;027/239;;;SSP801192-3;SYNTEC DO;67650;AGV LOG SA;VETBR SAUD;MG;PERDOES;SAA;2;002970162700027 ;
13387250940271 ;028/239;;;SSP801192-3;SYNTEC DO;67650;AGV LOG SA;VETBR SAUD;MG;PERDOES;SAA;2;002970162700028 ;
13387250940309 ;029/239;;;SSP801192-3;SYNTEC DO;67650;AGV LOG SA;VETBR SAUD;MG;PERDOES;SAA;2;002970162700029 ;
13387250940446 ;030/239;;;SSP801192-3;SYNTEC DO;67650;AGV LOG SA;VETBR SAUD;MG;PERDOES;SAA;2;002970162700030 ;
13387250940583 ;031/239;;;SSP801192-3;SYNTEC DO;67650;AGV LOG SA;VETBR SAUD;MG;PERDOES;SAA;2;002970162700031 ;
13387250940610 ;032/239;;;SSP801192-3;SYNTEC DO;67650;AGV LOG SA;VETBR SAUD;MG;PERDOES;SAA;2;002970162700032 ;
13387250940758 ;033/239;;;SSP801192-3;SYNTEC DO;67650;AGV LOG SA;VETBR SAUD;MG;PERDOES;SAA;2;002970162700033 ;
13387250940895 ;034/239;;;SSP801192-3;SYNTEC DO;67650;AGV LOG SA;VETBR SAUD;MG;PERDOES;SAA;2;002970162700034 ;
13387250940922 ;035/239;;;SSP801192-3;SYNTEC DO;67650;AGV LOG SA;VETBR SAUD;MG;PERDOES;SAA;2;002970162700035 ;
13387250941020 ;036/239;;;SSP801192-3;SYNTEC DO;67650;AGV LOG SA;VETBR SAUD;MG;PERDOES;SAA;2;002970162700036 ;
13387250941167 ;037/239;;;SSP801192-3;SYNTEC DO;67650;AGV LOG SA;VETBR SAUD;MG;PERDOES;SAA;2;002970162700037 ;
13387250941208 ;038/239;;;SSP801192-3;SYNTEC DO;67650;AGV LOG SA;VETBR SAUD;MG;PERDOES;SAA;2;002970162700038 ;
13387250941331 ;039/239;;;SSP801192-3;SYNTEC DO;67650;AGV LOG SA;VETBR SAUD;MG;PERDOES;SAA;2;002970162700039 ;
13387250941479 ;040/239;;;SSP801192-3;SYNTEC DO;67650;AGV LOG SA;VETBR SAUD;MG;PERDOES;SAA;2;002970162700040 ;
13387250941506 ;041/239;;;SSP801192-3;SYNTEC DO;67650;AGV LOG SA;VETBR SAUD;MG;PERDOES;SAA;2;002970162700041 ;
13387250941643 ;042/239;;;SSP801192-3;SYNTEC DO;67650;AGV LOG SA;VETBR SAUD;MG;PERDOES;SAA;2;002970162700042 ;
13387250941780 ;043/239;;;SSP801192-3;SYNTEC DO;67650;AGV LOG SA;VETBR SAUD;MG;PERDOES;SAA;2;002970162700043 ;
13387250941818 ;044/239;;;SSP801192-3;SYNTEC DO;67650;AGV LOG SA;VETBR SAUD;MG;PERDOES;SAA;2;002970162700044 ;
13387250941955 ;045/239;;;SSP801192-3;SYNTEC DO;67650;AGV LOG SA;VETBR SAUD;MG;PERDOES;SAA;2;002970162700045 ;
13387250942052 ;046/239;;;SSP801192-3;SYNTEC DO;67650;AGV LOG SA;VETBR SAUD;MG;PERDOES;SAA;2;002970162700046 ;
13387250942190 ;047/239;;;SSP801192-3;SYNTEC DO;67650;AGV LOG SA;VETBR SAUD;MG;PERDOES;SAA;2;002970162700047 ;
13387250942227 ;048/239;;;SSP801192-3;SYNTEC DO;67650;AGV LOG SA;VETBR SAUD;MG;PERDOES;SAA;2;002970162700048 ;
13387250942364 ;049/239;;;SSP801192-3;SYNTEC DO;67650;AGV LOG SA;VETBR SAUD;MG;PERDOES;SAA;2;002970162700049 ;
13387250942405 ;050/239;;;SSP801192-3;SYNTEC DO;67650;AGV LOG SA;VETBR SAUD;MG;PERDOES;SAA;2;002970162700050 ;
13387250942539 ;051/239;;;SSP801192-3;SYNTEC DO;67650;AGV LOG SA;VETBR SAUD;MG;PERDOES;SAA;2;002970162700051 ;
13387250942676 ;052/239;;;SSP801192-3;SYNTEC DO;67650;AGV LOG SA;VETBR SAUD;MG;PERDOES;SAA;2;002970162700052 ;
;;;;;;;;;;;;;;
SAL EXPRESS SOL;LOG E TRANS LT;;;;;;;;;;;;;PAG:    2
SSWBAR;;;;;;DESCARGA;DE COLETA;;;;;;;11/06/2025 11:17
PLACA: TCO7E64;;;;;;;;;;;;;;
;;;;;;;;;;;;;;
VOLUMES;;;;;;;;;;;;;;
----------------;+-------------;+---------;+--------;+------------;+----------;+---------;+----------;+----------;+--;+----------;+---;+---;+--------------------;+--------------------
NR;VOLUME;SITUACAO;USUARIO;CTRC;REMETENTE;NF;PAGADOR;DESTINATAR;UF;CIDADE;UNI;SET;VOLUME_CLIE;MERCADORIA
----------------;+-------------;+---------;+--------;+------------;+----------;+---------;+----------;+----------;+--;+----------;+---;+---;+--------------------;+--------------------
13387250942703 ;053/239;;;SSP801192-3;SYNTEC DO;67650;AGV LOG SA;VETBR SAUD;MG;PERDOES;SAA;2;002970162700053 ;
13387250942840 ;054/239;;;SSP801192-3;SYNTEC DO;67650;AGV LOG SA;VETBR SAUD;MG;PERDOES;SAA;2;002970162700054 ;
13387250942988 ;055/239;;;SSP801192-3;SYNTEC DO;67650;AGV LOG SA;VETBR SAUD;MG;PERDOES;SAA;2;002970162700055 ;
13387250943085 ;056/239;;;SSP801192-3;SYNTEC DO;67650;AGV LOG SA;VETBR SAUD;MG;PERDOES;SAA;2;002970162700056 ;
13387250943112 ;057/239;;;SSP801192-3;SYNTEC DO;67650;AGV LOG SA;VETBR SAUD;MG;PERDOES;SAA;2;002970162700057 ;
13387250943250 ;058/239;;;SSP801192-3;SYNTEC DO;67650;AGV LOG SA;VETBR SAUD;MG;PERDOES;SAA;2;002970162700058 ;
13387250943397 ;059/239;;;SSP801192-3;SYNTEC DO;67650;AGV LOG SA;VETBR SAUD;MG;PERDOES;SAA;2;002970162700059 ;
13387250943424 ;060/239;;;SSP801192-3;SYNTEC DO;67650;AGV LOG SA;VETBR SAUD;MG;PERDOES;SAA;2;002970162700060 ;
13387250943561 ;061/239;;;SSP801192-3;SYNTEC DO;67650;AGV LOG SA;VETBR SAUD;MG;PERDOES;SAA;2;002970162700061 ;
13387250943602 ;062/239;;;SSP801192-3;SYNTEC DO;67650;AGV LOG SA;VETBR SAUD;MG;PERDOES;SAA;2;002970162700062 ;
13387250943736 ;063/239;;;SSP801192-3;SYNTEC DO;67650;AGV LOG SA;VETBR SAUD;MG;PERDOES;SAA;2;002970162700063 ;
13387250943873 ;064/239;;;SSP801192-3;SYNTEC DO;67650;AGV LOG SA;VETBR SAUD;MG;PERDOES;SAA;2;002970162700064 ;
13387250943900 ;065/239;;;SSP801192-3;SYNTEC DO;67650;AGV LOG SA;VETBR SAUD;MG;PERDOES;SAA;2;002970162700065 ;
13387250944008 ;066/239;;;SSP801192-3;SYNTEC DO;67650;AGV LOG SA;VETBR SAUD;MG;PERDOES;SAA;2;002970162700066 ;
13387250944145 ;067/239;;;SSP801192-3;SYNTEC DO;67650;AGV LOG SA;VETBR SAUD;MG;PERDOES;SAA;2;002970162700067 ;
13387250944282 ;068/239;;;SSP801192-3;SYNTEC DO;67650;AGV LOG SA;VETBR SAUD;MG;PERDOES;SAA;2;002970162700068 ;
13387250944310 ;069/239;;;SSP801192-3;SYNTEC DO;67650;AGV LOG SA;VETBR SAUD;MG;PERDOES;SAA;2;002970162700069 ;
13387250944457 ;070/239;;;SSP801192-3;SYNTEC DO;67650;AGV LOG SA;VETBR SAUD;MG;PERDOES;SAA;2;002970162700070 ;
13387250944594 ;071/239;;;SSP801192-3;SYNTEC DO;67650;AGV LOG SA;VETBR SAUD;MG;PERDOES;SAA;2;002970162700071 ;
13387250944621 ;072/239;;;SSP801192-3;SYNTEC DO;67650;AGV LOG SA;VETBR SAUD;MG;PERDOES;SAA;2;002970162700072 ;
13387250944769 ;073/239;;;SSP801192-3;SYNTEC DO;67650;AGV LOG SA;VETBR SAUD;MG;PERDOES;SAA;2;002970162700073 ;
13387250944800 ;074/239;;;SSP801192-3;SYNTEC DO;67650;AGV LOG SA;VETBR SAUD;MG;PERDOES;SAA;2;002970162700074 ;
13387250944933 ;075/239;;;SSP801192-3;SYNTEC DO;67650;AGV LOG SA;VETBR SAUD;MG;PERDOES;SAA;2;002970162700075 ;
13387250945030 ;076/239;;;SSP801192-3;SYNTEC DO;67650;AGV LOG SA;VETBR SAUD;MG;PERDOES;SAA;2;002970162700076 ;
13387250945178 ;077/239;;;SSP801192-3;SYNTEC DO;67650;AGV LOG SA;VETBR SAUD;MG;PERDOES;SAA;2;002970162700077 ;
13387250945205 ;078/239;;;SSP801192-3;SYNTEC DO;67650;AGV LOG SA;VETBR SAUD;MG;PERDOES;SAA;2;002970162700078 ;
13387250945342 ;079/239;;;SSP801192-3;SYNTEC DO;67650;AGV LOG SA;VETBR SAUD;MG;PERDOES;SAA;2;002970162700079 ;
13387250945480 ;080/239;;;SSP801192-3;SYNTEC DO;67650;AGV LOG SA;VETBR SAUD;MG;PERDOES;SAA;2;002970162700080 ;
13387250945517 ;081/239;;;SSP801192-3;SYNTEC DO;67650;AGV LOG SA;VETBR SAUD;MG;PERDOES;SAA;2;002970162700081 ;
13387250945654 ;082/239;;;SSP801192-3;SYNTEC DO;67650;AGV LOG SA;VETBR SAUD;MG;PERDOES;SAA;2;002970162700082 ;
13387250945791 ;083/239;;;SSP801192-3;SYNTEC DO;67650;AGV LOG SA;VETBR SAUD;MG;PERDOES;SAA;2;002970162700083 ;
13387250945829 ;084/239;;;SSP801192-3;SYNTEC DO;67650;AGV LOG SA;VETBR SAUD;MG;PERDOES;SAA;2;002970162700084 ;
13387250945966 ;085/239;;;SSP801192-3;SYNTEC DO;67650;AGV LOG SA;VETBR SAUD;MG;PERDOES;SAA;2;002970162700085 ;
13387250946063 ;086/239;;;SSP801192-3;SYNTEC DO;67650;AGV LOG SA;VETBR SAUD;MG;PERDOES;SAA;2;002970162700086 ;
13387250946104 ;087/239;;;SSP801192-3;SYNTEC DO;67650;AGV LOG SA;VETBR SAUD;MG;PERDOES;SAA;2;002970162700087 ;
13387250946238 ;088/239;;;SSP801192-3;SYNTEC DO;67650;AGV LOG SA;VETBR SAUD;MG;PERDOES;SAA;2;002970162700088 ;
13387250946375 ;089/239;;;SSP801192-3;SYNTEC DO;67650;AGV LOG SA;VETBR SAUD;MG;PERDOES;SAA;2;002970162700089 ;
13387250946402 ;090/239;;;SSP801192-3;SYNTEC DO;67650;AGV LOG SA;VETBR SAUD;MG;PERDOES;SAA;2;002970162700090 ;
13387250946540 ;091/239;;;SSP801192-3;SYNTEC DO;67650;AGV LOG SA;VETBR SAUD;MG;PERDOES;SAA;2;002970162700091 ;
13387250946687 ;092/239;;;SSP801192-3;SYNTEC DO;67650;AGV LOG SA;VETBR SAUD;MG;PERDOES;SAA;2;002970162700092 ;
13387250946714 ;093/239;;;SSP801192-3;SYNTEC DO;67650;AGV LOG SA;VETBR SAUD;MG;PERDOES;SAA;2;002970162700093 ;
13387250946851 ;094/239;;;SSP801192-3;SYNTEC DO;67650;AGV LOG SA;VETBR SAUD;MG;PERDOES;SAA;2;002970162700094 ;
13387250946999 ;095/239;;;SSP801192-3;SYNTEC DO;67650;AGV LOG SA;VETBR SAUD;MG;PERDOES;SAA;2;002970162700095 ;
13387250947096 ;096/239;;;SSP801192-3;SYNTEC DO;67650;AGV LOG SA;VETBR SAUD;MG;PERDOES;SAA;2;002970162700096 ;
13387250947123 ;097/239;;;SSP801192-3;SYNTEC DO;67650;AGV LOG SA;VETBR SAUD;MG;PERDOES;SAA;2;002970162700097 ;
13387250947260 ;098/239;;;SSP801192-3;SYNTEC DO;67650;AGV LOG SA;VETBR SAUD;MG;PERDOES;SAA;2;002970162700098 ;
13387250947301 ;099/239;;;SSP801192-3;SYNTEC DO;67650;AGV LOG SA;VETBR SAUD;MG;PERDOES;SAA;2;002970162700099 ;
13387250947435 ;100/239;;;SSP801192-3;SYNTEC DO;67650;AGV LOG SA;VETBR SAUD;MG;PERDOES;SAA;2;002970162700100 ;
13387250947572 ;101/239;;;SSP801192-3;SYNTEC DO;67650;AGV LOG SA;VETBR SAUD;MG;PERDOES;SAA;2;002970162700101 ;
13387250947600 ;102/239;;;SSP801192-3;SYNTEC DO;67650;AGV LOG SA;VETBR SAUD;MG;PERDOES;SAA;2;002970162700102 ;
13387250947747 ;103/239;;;SSP801192-3;SYNTEC DO;67650;AGV LOG SA;VETBR SAUD;MG;PERDOES;SAA;2;002970162700103 ;
13387250947884 ;104/239;;;SSP801192-3;SYNTEC DO;67650;AGV LOG SA;VETBR SAUD;MG;PERDOES;SAA;2;002970162700104 ;
;;;;;;;;;;;;;;
SAL EXPRESS SOL;LOG E TRANS LT;;;;;;;;;;;;;PAG:    3
SSWBAR;;;;;;DESCARGA;DE COLETA;;;;;;;11/06/2025 11:17
PLACA: TCO7E64;;;;;;;;;;;;;;
;;;;;;;;;;;;;;
VOLUMES;;;;;;;;;;;;;;
----------------;+-------------;+---------;+--------;+------------;+----------;+---------;+----------;+----------;+--;+----------;+---;+---;+--------------------;+--------------------
NR;VOLUME;SITUACAO;USUARIO;CTRC;REMETENTE;NF;PAGADOR;DESTINATAR;UF;CIDADE;UNI;SET;VOLUME_CLIE;MERCADORIA
----------------;+-------------;+---------;+--------;+------------;+----------;+---------;+----------;+----------;+--;+----------;+---;+---;+--------------------;+--------------------
13387250947911 ;105/239;;;SSP801192-3;SYNTEC DO;67650;AGV LOG SA;VETBR SAUD;MG;PERDOES;SAA;2;002970162700105 ;
13387250948019 ;106/239;;;SSP801192-3;SYNTEC DO;67650;AGV LOG SA;VETBR SAUD;MG;PERDOES;SAA;2;002970162700106 ;
13387250948156 ;107/239;;;SSP801192-3;SYNTEC DO;67650;AGV LOG SA;VETBR SAUD;MG;PERDOES;SAA;2;002970162700107 ;
13387250948293 ;108/239;;;SSP801192-3;SYNTEC DO;67650;AGV LOG SA;VETBR SAUD;MG;PERDOES;SAA;2;002970162700108 ;
13387250948320 ;109/239;;;SSP801192-3;SYNTEC DO;67650;AGV LOG SA;VETBR SAUD;MG;PERDOES;SAA;2;002970162700109 ;
13387250948468 ;110/239;;;SSP801192-3;SYNTEC DO;67650;AGV LOG SA;VETBR SAUD;MG;PERDOES;SAA;2;002970162700110 ;
13387250948509 ;111/239;;;SSP801192-3;SYNTEC DO;67650;AGV LOG SA;VETBR SAUD;MG;PERDOES;SAA;2;002970162700111 ;
13387250948632 ;112/239;;;SSP801192-3;SYNTEC DO;67650;AGV LOG SA;VETBR SAUD;MG;PERDOES;SAA;2;002970162700112 ;
13387250948770 ;113/239;;;SSP801192-3;SYNTEC DO;67650;AGV LOG SA;VETBR SAUD;MG;PERDOES;SAA;2;002970162700113 ;
13387250948807 ;114/239;;;SSP801192-3;SYNTEC DO;67650;AGV LOG SA;VETBR SAUD;MG;PERDOES;SAA;2;002970162700114 ;
13387250948944 ;115/239;;;SSP801192-3;SYNTEC DO;67650;AGV LOG SA;VETBR SAUD;MG;PERDOES;SAA;2;002970162700115 ;
13387250949041 ;116/239;;;SSP801192-3;SYNTEC DO;67650;AGV LOG SA;VETBR SAUD;MG;PERDOES;SAA;2;002970162700116 ;
13387250949189 ;117/239;;;SSP801192-3;SYNTEC DO;67650;AGV LOG SA;VETBR SAUD;MG;PERDOES;SAA;2;002970162700117 ;
13387250949216 ;118/239;;;SSP801192-3;SYNTEC DO;67650;AGV LOG SA;VETBR SAUD;MG;PERDOES;SAA;2;002970162700118 ;
13387250949353 ;119/239;;;SSP801192-3;SYNTEC DO;67650;AGV LOG SA;VETBR SAUD;MG;PERDOES;SAA;2;002970162700119 ;
13387250949490 ;120/239;;;SSP801192-3;SYNTEC DO;67650;AGV LOG SA;VETBR SAUD;MG;PERDOES;SAA;2;002970162700120 ;
13387250949528 ;121/239;;;SSP801192-3;SYNTEC DO;67650;AGV LOG SA;VETBR SAUD;MG;PERDOES;SAA;2;002970162700121 ;
13387250949665 ;122/239;;;SSP801192-3;SYNTEC DO;67650;AGV LOG SA;VETBR SAUD;MG;PERDOES;SAA;2;002970162700122 ;
13387250949706 ;123/239;;;SSP801192-3;SYNTEC DO;67650;AGV LOG SA;VETBR SAUD;MG;PERDOES;SAA;2;002970162700123 ;
13387250949830 ;124/239;;;SSP801192-3;SYNTEC DO;67650;AGV LOG SA;VETBR SAUD;MG;PERDOES;SAA;2;002970162700124 ;
13387250949977 ;125/239;;;SSP801192-3;SYNTEC DO;67650;AGV LOG SA;VETBR SAUD;MG;PERDOES;SAA;2;002970162700125 ;
13387250950012 ;126/239;;;SSP801192-3;SYNTEC DO;67650;AGV LOG SA;VETBR SAUD;MG;PERDOES;SAA;2;002970162700126 ;
13387250950150 ;127/239;;;SSP801192-3;SYNTEC DO;67650;AGV LOG SA;VETBR SAUD;MG;PERDOES;SAA;2;002970162700127 ;
13387250950297 ;128/239;;;SSP801192-3;SYNTEC DO;67650;AGV LOG SA;VETBR SAUD;MG;PERDOES;SAA;2;002970162700128 ;
13387250950324 ;129/239;;;SSP801192-3;SYNTEC DO;67650;AGV LOG SA;VETBR SAUD;MG;PERDOES;SAA;2;002970162700129 ;
13387250950461 ;130/239;;;SSP801192-3;SYNTEC DO;67650;AGV LOG SA;VETBR SAUD;MG;PERDOES;SAA;2;002970162700130 ;
13387250950502 ;131/239;;;SSP801192-3;SYNTEC DO;67650;AGV LOG SA;VETBR SAUD;MG;PERDOES;SAA;2;002970162700131 ;
13387250950636 ;132/239;;;SSP801192-3;SYNTEC DO;67650;AGV LOG SA;VETBR SAUD;MG;PERDOES;SAA;2;002970162700132 ;
13387250950773 ;133/239;;;SSP801192-3;SYNTEC DO;67650;AGV LOG SA;VETBR SAUD;MG;PERDOES;SAA;2;002970162700133 ;
13387250950800 ;134/239;;;SSP801192-3;SYNTEC DO;67650;AGV LOG SA;VETBR SAUD;MG;PERDOES;SAA;2;002970162700134 ;
13387250950948 ;135/239;;;SSP801192-3;SYNTEC DO;67650;AGV LOG SA;VETBR SAUD;MG;PERDOES;SAA;2;002970162700135 ;
13387250951045 ;136/239;;;SSP801192-3;SYNTEC DO;67650;AGV LOG SA;VETBR SAUD;MG;PERDOES;SAA;2;002970162700136 ;
13387250951182 ;137/239;;;SSP801192-3;SYNTEC DO;67650;AGV LOG SA;VETBR SAUD;MG;PERDOES;SAA;2;002970162700137 ;
13387250951210 ;138/239;;;SSP801192-3;SYNTEC DO;67650;AGV LOG SA;VETBR SAUD;MG;PERDOES;SAA;2;002970162700138 ;
13387250951357 ;139/239;;;SSP801192-3;SYNTEC DO;67650;AGV LOG SA;VETBR SAUD;MG;PERDOES;SAA;2;002970162700139 ;
13387250951494 ;140/239;;;SSP801192-3;SYNTEC DO;67650;AGV LOG SA;VETBR SAUD;MG;PERDOES;SAA;2;002970162700140 ;
13387250951521 ;141/239;;;SSP801192-3;SYNTEC DO;67650;AGV LOG SA;VETBR SAUD;MG;PERDOES;SAA;2;002970162700141 ;
13387250951669 ;142/239;;;SSP801192-3;SYNTEC DO;67650;AGV LOG SA;VETBR SAUD;MG;PERDOES;SAA;2;002970162700142 ;
13387250951700 ;143/239;;;SSP801192-3;SYNTEC DO;67650;AGV LOG SA;VETBR SAUD;MG;PERDOES;SAA;2;002970162700143 ;
13387250951833 ;144/239;;;SSP801192-3;SYNTEC DO;67650;AGV LOG SA;VETBR SAUD;MG;PERDOES;SAA;2;002970162700144 ;
13387250951970 ;145/239;;;SSP801192-3;SYNTEC DO;67650;AGV LOG SA;VETBR SAUD;MG;PERDOES;SAA;2;002970162700145 ;
13387250952078 ;146/239;;;SSP801192-3;SYNTEC DO;67650;AGV LOG SA;VETBR SAUD;MG;PERDOES;SAA;2;002970162700146 ;
13387250952105 ;147/239;;;SSP801192-3;SYNTEC DO;67650;AGV LOG SA;VETBR SAUD;MG;PERDOES;SAA;2;002970162700147 ;
13387250952242 ;148/239;;;SSP801192-3;SYNTEC DO;67650;AGV LOG SA;VETBR SAUD;MG;PERDOES;SAA;2;002970162700148 ;
13387250952380 ;149/239;;;SSP801192-3;SYNTEC DO;67650;AGV LOG SA;VETBR SAUD;MG;PERDOES;SAA;2;002970162700149 ;
13387250952417 ;150/239;;;SSP801192-3;SYNTEC DO;67650;AGV LOG SA;VETBR SAUD;MG;PERDOES;SAA;2;002970162700150 ;
13387250952554 ;151/239;;;SSP801192-3;SYNTEC DO;67650;AGV LOG SA;VETBR SAUD;MG;PERDOES;SAA;2;002970162700151 ;
13387250952691 ;152/239;;;SSP801192-3;SYNTEC DO;67650;AGV LOG SA;VETBR SAUD;MG;PERDOES;SAA;2;002970162700152 ;
13387250952729 ;153/239;;;SSP801192-3;SYNTEC DO;67650;AGV LOG SA;VETBR SAUD;MG;PERDOES;SAA;2;002970162700153 ;
13387250952866 ;154/239;;;SSP801192-3;SYNTEC DO;67650;AGV LOG SA;VETBR SAUD;MG;PERDOES;SAA;2;002970162700154 ;
13387250952907 ;155/239;;;SSP801192-3;SYNTEC DO;67650;AGV LOG SA;VETBR SAUD;MG;PERDOES;SAA;2;002970162700155 ;
13387250953004 ;156/239;;;SSP801192-3;SYNTEC DO;67650;AGV LOG SA;VETBR SAUD;MG;PERDOES;SAA;2;002970162700156 ;
;;;;;;;;;;;;;;
SAL EXPRESS SOL;LOG E TRANS LT;;;;;;;;;;;;;PAG:    4
SSWBAR;;;;;;DESCARGA;DE COLETA;;;;;;;11/06/2025 11:17
PLACA: TCO7E64;;;;;;;;;;;;;;
;;;;;;;;;;;;;;
VOLUMES;;;;;;;;;;;;;;
----------------;+-------------;+---------;+--------;+------------;+----------;+---------;+----------;+----------;+--;+----------;+---;+---;+--------------------;+--------------------
NR;VOLUME;SITUACAO;USUARIO;CTRC;REMETENTE;NF;PAGADOR;DESTINATAR;UF;CIDADE;UNI;SET;VOLUME_CLIE;MERCADORIA
----------------;+-------------;+---------;+--------;+------------;+----------;+---------;+----------;+----------;+--;+----------;+---;+---;+--------------------;+--------------------
13387250953138 ;157/239;;;SSP801192-3;SYNTEC DO;67650;AGV LOG SA;VETBR SAUD;MG;PERDOES;SAA;2;002970162700157 ;
13387250953275 ;158/239;;;SSP801192-3;SYNTEC DO;67650;AGV LOG SA;VETBR SAUD;MG;PERDOES;SAA;2;002970162700158 ;
13387250953302 ;159/239;;;SSP801192-3;SYNTEC DO;67650;AGV LOG SA;VETBR SAUD;MG;PERDOES;SAA;2;002970162700159 ;
13387250953440 ;160/239;;;SSP801192-3;SYNTEC DO;67650;AGV LOG SA;VETBR SAUD;MG;PERDOES;SAA;2;002970162700160 ;
13387250953587 ;161/239;;;SSP801192-3;SYNTEC DO;67650;AGV LOG SA;VETBR SAUD;MG;PERDOES;SAA;2;002970162700161 ;
13387250953614 ;162/239;;;SSP801192-3;SYNTEC DO;67650;AGV LOG SA;VETBR SAUD;MG;PERDOES;SAA;2;002970162700162 ;
13387250953751 ;163/239;;;SSP801192-3;SYNTEC DO;67650;AGV LOG SA;VETBR SAUD;MG;PERDOES;SAA;2;002970162700163 ;
13387250953899 ;164/239;;;SSP801192-3;SYNTEC DO;67650;AGV LOG SA;VETBR SAUD;MG;PERDOES;SAA;2;002970162700164 ;
13387250953926 ;165/239;;;SSP801192-3;SYNTEC DO;67650;AGV LOG SA;VETBR SAUD;MG;PERDOES;SAA;2;002970162700165 ;
13387250954023 ;166/239;;;SSP801192-3;SYNTEC DO;67650;AGV LOG SA;VETBR SAUD;MG;PERDOES;SAA;2;002970162700166 ;
13387250954160 ;167/239;;;SSP801192-3;SYNTEC DO;67650;AGV LOG SA;VETBR SAUD;MG;PERDOES;SAA;2;002970162700167 ;
13387250954201 ;168/239;;;SSP801192-3;SYNTEC DO;67650;AGV LOG SA;VETBR SAUD;MG;PERDOES;SAA;2;002970162700168 ;
13387250954335 ;169/239;;;SSP801192-3;SYNTEC DO;67650;AGV LOG SA;VETBR SAUD;MG;PERDOES;SAA;2;002970162700169 ;
13387250954472 ;170/239;;;SSP801192-3;SYNTEC DO;67650;AGV LOG SA;VETBR SAUD;MG;PERDOES;SAA;2;002970162700170 ;
13387250954500 ;171/239;;;SSP801192-3;SYNTEC DO;67650;AGV LOG SA;VETBR SAUD;MG;PERDOES;SAA;2;002970162700171 ;
13387250954647 ;172/239;;;SSP801192-3;SYNTEC DO;67650;AGV LOG SA;VETBR SAUD;MG;PERDOES;SAA;2;002970162700172 ;
13387250954784 ;173/239;;;SSP801192-3;SYNTEC DO;67650;AGV LOG SA;VETBR SAUD;MG;PERDOES;SAA;2;002970162700173 ;
13387250954811 ;174/239;;;SSP801192-3;SYNTEC DO;67650;AGV LOG SA;VETBR SAUD;MG;PERDOES;SAA;2;002970162700174 ;
13387250954959 ;175/239;;;SSP801192-3;SYNTEC DO;67650;AGV LOG SA;VETBR SAUD;MG;PERDOES;SAA;2;002970162700175 ;
13387250955056 ;176/239;;;SSP801192-3;SYNTEC DO;67650;AGV LOG SA;VETBR SAUD;MG;PERDOES;SAA;2;002970162700176 ;
13387250955193 ;177/239;;;SSP801192-3;SYNTEC DO;67650;AGV LOG SA;VETBR SAUD;MG;PERDOES;SAA;2;002970162700177 ;
13387250955220 ;178/239;;;SSP801192-3;SYNTEC DO;67650;AGV LOG SA;VETBR SAUD;MG;PERDOES;SAA;2;002970162700178 ;
13387250955368 ;179/239;;;SSP801192-3;SYNTEC DO;67650;AGV LOG SA;VETBR SAUD;MG;PERDOES;SAA;2;002970162700179 ;
13387250955409 ;180/239;;;SSP801192-3;SYNTEC DO;67650;AGV LOG SA;VETBR SAUD;MG;PERDOES;SAA;2;002970162700180 ;
13387250955532 ;181/239;;;SSP801192-3;SYNTEC DO;67650;AGV LOG SA;VETBR SAUD;MG;PERDOES;SAA;2;002970162700181 ;
13387250955670 ;182/239;;;SSP801192-3;SYNTEC DO;67650;AGV LOG SA;VETBR SAUD;MG;PERDOES;SAA;2;002970162700182 ;
13387250955707 ;183/239;;;SSP801192-3;SYNTEC DO;67650;AGV LOG SA;VETBR SAUD;MG;PERDOES;SAA;2;002970162700183 ;
13387250955844 ;184/239;;;SSP801192-3;SYNTEC DO;67650;AGV LOG SA;VETBR SAUD;MG;PERDOES;SAA;2;002970162700184 ;
13387250955981 ;185/239;;;SSP801192-3;SYNTEC DO;67650;AGV LOG SA;VETBR SAUD;MG;PERDOES;SAA;2;002970162700185 ;
13387250956089 ;186/239;;;SSP801192-3;SYNTEC DO;67650;AGV LOG SA;VETBR SAUD;MG;PERDOES;SAA;2;002970162700186 ;
13387250956116 ;187/239;;;SSP801192-3;SYNTEC DO;67650;AGV LOG SA;VETBR SAUD;MG;PERDOES;SAA;2;002970162700187 ;
13387250956253 ;188/239;;;SSP801192-3;SYNTEC DO;67650;AGV LOG SA;VETBR SAUD;MG;PERDOES;SAA;2;002970162700188 ;
13387250956390 ;189/239;;;SSP801192-3;SYNTEC DO;67650;AGV LOG SA;VETBR SAUD;MG;PERDOES;SAA;2;002970162700189 ;
13387250956428 ;190/239;;;SSP801192-3;SYNTEC DO;67650;AGV LOG SA;VETBR SAUD;MG;PERDOES;SAA;2;002970162700190 ;
13387250956565 ;191/239;;;SSP801192-3;SYNTEC DO;67650;AGV LOG SA;VETBR SAUD;MG;PERDOES;SAA;2;002970162700191 ;
13387250956606 ;192/239;;;SSP801192-3;SYNTEC DO;67650;AGV LOG SA;VETBR SAUD;MG;PERDOES;SAA;2;002970162700192 ;
13387250956730 ;193/239;;;SSP801192-3;SYNTEC DO;67650;AGV LOG SA;VETBR SAUD;MG;PERDOES;SAA;2;002970162700193 ;
13387250956877 ;194/239;;;SSP801192-3;SYNTEC DO;67650;AGV LOG SA;VETBR SAUD;MG;PERDOES;SAA;2;002970162700194 ;
13387250956904 ;195/239;;;SSP801192-3;SYNTEC DO;67650;AGV LOG SA;VETBR SAUD;MG;PERDOES;SAA;2;002970162700195 ;
13387250957001 ;196/239;;;SSP801192-3;SYNTEC DO;67650;AGV LOG SA;VETBR SAUD;MG;PERDOES;SAA;2;002970162700196 ;
13387250957149 ;197/239;;;SSP801192-3;SYNTEC DO;67650;AGV LOG SA;VETBR SAUD;MG;PERDOES;SAA;2;002970162700197 ;
13387250957286 ;198/239;;;SSP801192-3;SYNTEC DO;67650;AGV LOG SA;VETBR SAUD;MG;PERDOES;SAA;2;002970162700198 ;
13387250957313 ;199/239;;;SSP801192-3;SYNTEC DO;67650;AGV LOG SA;VETBR SAUD;MG;PERDOES;SAA;2;002970162700199 ;
13387250957450 ;200/239;;;SSP801192-3;SYNTEC DO;67650;AGV LOG SA;VETBR SAUD;MG;PERDOES;SAA;2;002970162700200 ;
13387250957598 ;201/239;;;SSP801192-3;SYNTEC DO;67650;AGV LOG SA;VETBR SAUD;MG;PERDOES;SAA;2;002970162700201 ;
13387250957625 ;202/239;;;SSP801192-3;SYNTEC DO;67650;AGV LOG SA;VETBR SAUD;MG;PERDOES;SAA;2;002970162700202 ;
13387250957762 ;203/239;;;SSP801192-3;SYNTEC DO;67650;AGV LOG SA;VETBR SAUD;MG;PERDOES;SAA;2;002970162700203 ;
13387250957803 ;204/239;;;SSP801192-3;SYNTEC DO;67650;AGV LOG SA;VETBR SAUD;MG;PERDOES;SAA;2;002970162700204 ;
13387250957937 ;205/239;;;SSP801192-3;SYNTEC DO;67650;AGV LOG SA;VETBR SAUD;MG;PERDOES;SAA;2;002970162700205 ;
13387250958034 ;206/239;;;SSP801192-3;SYNTEC DO;67650;AGV LOG SA;VETBR SAUD;MG;PERDOES;SAA;2;002970162700206 ;
13387250958171 ;207/239;;;SSP801192-3;SYNTEC DO;67650;AGV LOG SA;VETBR SAUD;MG;PERDOES;SAA;2;002970162700207 ;
13387250958209 ;208/239;;;SSP801192-3;SYNTEC DO;67650;AGV LOG SA;VETBR SAUD;MG;PERDOES;SAA;2;002970162700208 ;
;;;;;;;;;;;;;;
SAL EXPRESS SOL;LOG E TRANS LT;;;;;;;;;;;;;PAG:    5
SSWBAR;;;;;;DESCARGA;DE COLETA;;;;;;;11/06/2025 11:17
PLACA: TCO7E64;;;;;;;;;;;;;;
;;;;;;;;;;;;;;
VOLUMES;;;;;;;;;;;;;;
----------------;+-------------;+---------;+--------;+------------;+----------;+---------;+----------;+----------;+--;+----------;+---;+---;+--------------------;+--------------------
NR;VOLUME;SITUACAO;USUARIO;CTRC;REMETENTE;NF;PAGADOR;DESTINATAR;UF;CIDADE;UNI;SET;VOLUME_CLIE;MERCADORIA
----------------;+-------------;+---------;+--------;+------------;+----------;+---------;+----------;+----------;+--;+----------;+---;+---;+--------------------;+--------------------
13387250958346 ;209/239;;;SSP801192-3;SYNTEC DO;67650;AGV LOG SA;VETBR SAUD;MG;PERDOES;SAA;2;002970162700209 ;
13387250958483 ;210/239;;;SSP801192-3;SYNTEC DO;67650;AGV LOG SA;VETBR SAUD;MG;PERDOES;SAA;2;002970162700210 ;
13387250958510 ;211/239;;;SSP801192-3;SYNTEC DO;67650;AGV LOG SA;VETBR SAUD;MG;PERDOES;SAA;2;002970162700211 ;
13387250958658 ;212/239;;;SSP801192-3;SYNTEC DO;67650;AGV LOG SA;VETBR SAUD;MG;PERDOES;SAA;2;002970162700212 ;
13387250958795 ;213/239;;;SSP801192-3;SYNTEC DO;67650;AGV LOG SA;VETBR SAUD;MG;PERDOES;SAA;2;002970162700213 ;
13387250958822 ;214/239;;;SSP801192-3;SYNTEC DO;67650;AGV LOG SA;VETBR SAUD;MG;PERDOES;SAA;2;002970162700214 ;
13387250958960 ;215/239;;;SSP801192-3;SYNTEC DO;67650;AGV LOG SA;VETBR SAUD;MG;PERDOES;SAA;2;002970162700215 ;
13387250959067 ;216/239;;;SSP801192-3;SYNTEC DO;67650;AGV LOG SA;VETBR SAUD;MG;PERDOES;SAA;2;002970162700216 ;
13387250959108 ;217/239;;;SSP801192-3;SYNTEC DO;67650;AGV LOG SA;VETBR SAUD;MG;PERDOES;SAA;2;002970162700217 ;
13387250959231 ;218/239;;;SSP801192-3;SYNTEC DO;67650;AGV LOG SA;VETBR SAUD;MG;PERDOES;SAA;2;002970162700218 ;
13387250959379 ;219/239;;;SSP801192-3;SYNTEC DO;67650;AGV LOG SA;VETBR SAUD;MG;PERDOES;SAA;2;002970162700219 ;
13387250959406 ;220/239;;;SSP801192-3;SYNTEC DO;67650;AGV LOG SA;VETBR SAUD;MG;PERDOES;SAA;2;002970162700220 ;
13387250959543 ;221/239;;;SSP801192-3;SYNTEC DO;67650;AGV LOG SA;VETBR SAUD;MG;PERDOES;SAA;2;002970162700221 ;
13387250959680 ;222/239;;;SSP801192-3;SYNTEC DO;67650;AGV LOG SA;VETBR SAUD;MG;PERDOES;SAA;2;002970162700222 ;
13387250959718 ;223/239;;;SSP801192-3;SYNTEC DO;67650;AGV LOG SA;VETBR SAUD;MG;PERDOES;SAA;2;002970162700223 ;
13387250959855 ;224/239;;;SSP801192-3;SYNTEC DO;67650;AGV LOG SA;VETBR SAUD;MG;PERDOES;SAA;2;002970162700224 ;
13387250959992 ;225/239;;;SSP801192-3;SYNTEC DO;67650;AGV LOG SA;VETBR SAUD;MG;PERDOES;SAA;2;002970162700225 ;
13387250960038 ;226/239;;;SSP801192-3;SYNTEC DO;67650;AGV LOG SA;VETBR SAUD;MG;PERDOES;SAA;2;002970162700226 ;
13387250960175 ;227/239;;;SSP801192-3;SYNTEC DO;67650;AGV LOG SA;VETBR SAUD;MG;PERDOES;SAA;2;002970162700227 ;
13387250960202 ;228/239;;;SSP801192-3;SYNTEC DO;67650;AGV LOG SA;VETBR SAUD;MG;PERDOES;SAA;2;002970162700228 ;
13387250960340 ;229/239;;;SSP801192-3;SYNTEC DO;67650;AGV LOG SA;VETBR SAUD;MG;PERDOES;SAA;2;002970162700229 ;
13387250960487 ;230/239;;;SSP801192-3;SYNTEC DO;67650;AGV LOG SA;VETBR SAUD;MG;PERDOES;SAA;2;002970162700230 ;
13387250960514 ;231/239;;;SSP801192-3;SYNTEC DO;67650;AGV LOG SA;VETBR SAUD;MG;PERDOES;SAA;2;002970162700231 ;
13387250960651 ;232/239;;;SSP801192-3;SYNTEC DO;67650;AGV LOG SA;VETBR SAUD;MG;PERDOES;SAA;2;002970162700232 ;
13387250960799 ;233/239;;;SSP801192-3;SYNTEC DO;67650;AGV LOG SA;VETBR SAUD;MG;PERDOES;SAA;2;002970162700233 ;
13387250960826 ;234/239;;;SSP801192-3;SYNTEC DO;67650;AGV LOG SA;VETBR SAUD;MG;PERDOES;SAA;2;002970162700234 ;
13387250960963 ;235/239;;;SSP801192-3;SYNTEC DO;67650;AGV LOG SA;VETBR SAUD;MG;PERDOES;SAA;2;002970162700235 ;
13387250961060 ;236/239;;;SSP801192-3;SYNTEC DO;67650;AGV LOG SA;VETBR SAUD;MG;PERDOES;SAA;2;002970162700236 ;
13387250961101 ;237/239;;;SSP801192-3;SYNTEC DO;67650;AGV LOG SA;VETBR SAUD;MG;PERDOES;SAA;2;002970162700237 ;
13387250961235 ;238/239;;;SSP801192-3;SYNTEC DO;67650;AGV LOG SA;VETBR SAUD;MG;PERDOES;SAA;2;002970162700238 ;
13387250961372 ;239/239;;;SSP801192-3;SYNTEC DO;67650;AGV LOG SA;VETBR SAUD;MG;PERDOES;SAA;2;002970162700239 ;
13387259640455 ;001/127;;;SSP802157-1;GLENMARK F;174818;AGV LOG SA;ACACIA COM;MG;VARGINHA;VGE;V05;002968338800001 ;
13387259640592 ;002/127;;;SSP802157-1;GLENMARK F;174818;AGV LOG SA;ACACIA COM;MG;VARGINHA;VGE;V05;002968338800002 ;
13387259640620 ;003/127;;;SSP802157-1;GLENMARK F;174818;AGV LOG SA;ACACIA COM;MG;VARGINHA;VGE;V05;002968338800003 ;
13387259640767 ;004/127;;;SSP802157-1;GLENMARK F;174818;AGV LOG SA;ACACIA COM;MG;VARGINHA;VGE;V05;002968338800004 ;
13387259640808 ;005/127;;;SSP802157-1;GLENMARK F;174818;AGV LOG SA;ACACIA COM;MG;VARGINHA;VGE;V05;002968338800005 ;
13387259640931 ;006/127;;;SSP802157-1;GLENMARK F;174818;AGV LOG SA;ACACIA COM;MG;VARGINHA;VGE;V05;002968338800006 ;
13387259641039 ;007/127;;;SSP802157-1;GLENMARK F;174818;AGV LOG SA;ACACIA COM;MG;VARGINHA;VGE;V05;002968338800007 ;
13387259641176 ;008/127;;;SSP802157-1;GLENMARK F;174818;AGV LOG SA;ACACIA COM;MG;VARGINHA;VGE;V05;002968338800008 ;
13387259641203 ;009/127;;;SSP802157-1;GLENMARK F;174818;AGV LOG SA;ACACIA COM;MG;VARGINHA;VGE;V05;002968338800009 ;
13387259641340 ;010/127;;;SSP802157-1;GLENMARK F;174818;AGV LOG SA;ACACIA COM;MG;VARGINHA;VGE;V05;002968338800010 ;
13387259641488 ;011/127;;;SSP802157-1;GLENMARK F;174818;AGV LOG SA;ACACIA COM;MG;VARGINHA;VGE;V05;002968338800011 ;
13387259641515 ;012/127;;;SSP802157-1;GLENMARK F;174818;AGV LOG SA;ACACIA COM;MG;VARGINHA;VGE;V05;002968338800012 ;
13387259641652 ;013/127;;;SSP802157-1;GLENMARK F;174818;AGV LOG SA;ACACIA COM;MG;VARGINHA;VGE;V05;002968338800013 ;
13387259641790 ;014/127;;;SSP802157-1;GLENMARK F;174818;AGV LOG SA;ACACIA COM;MG;VARGINHA;VGE;V05;002968338800014 ;
13387259641827 ;015/127;;;SSP802157-1;GLENMARK F;174818;AGV LOG SA;ACACIA COM;MG;VARGINHA;VGE;V05;002968338800015 ;
13387259641964 ;016/127;;;SSP802157-1;GLENMARK F;174818;AGV LOG SA;ACACIA COM;MG;VARGINHA;VGE;V05;002968338800016 ;
13387259642061 ;017/127;;;SSP802157-1;GLENMARK F;174818;AGV LOG SA;ACACIA COM;MG;VARGINHA;VGE;V05;002968338800017 ;
13387259642102 ;018/127;;;SSP802157-1;GLENMARK F;174818;AGV LOG SA;ACACIA COM;MG;VARGINHA;VGE;V05;002968338800018 ;
13387259642236 ;019/127;;;SSP802157-1;GLENMARK F;174818;AGV LOG SA;ACACIA COM;MG;VARGINHA;VGE;V05;002968338800019 ;
13387259642373 ;020/127;;;SSP802157-1;GLENMARK F;174818;AGV LOG SA;ACACIA COM;MG;VARGINHA;VGE;V05;002968338800020 ;
13387259642400 ;021/127;;;SSP802157-1;GLENMARK F;174818;AGV LOG SA;ACACIA COM;MG;VARGINHA;VGE;V05;002968338800021 ;
;;;;;;;;;;;;;;
SAL EXPRESS SOL;LOG E TRANS LT;;;;;;;;;;;;;PAG:    6
SSWBAR;;;;;;DESCARGA;DE COLETA;;;;;;;11/06/2025 11:17
PLACA: TCO7E64;;;;;;;;;;;;;;
;;;;;;;;;;;;;;
VOLUMES;;;;;;;;;;;;;;
----------------;+-------------;+---------;+--------;+------------;+----------;+---------;+----------;+----------;+--;+----------;+---;+---;+--------------------;+--------------------
NR;VOLUME;SITUACAO;USUARIO;CTRC;REMETENTE;NF;PAGADOR;DESTINATAR;UF;CIDADE;UNI;SET;VOLUME_CLIE;MERCADORIA
----------------;+-------------;+---------;+--------;+------------;+----------;+---------;+----------;+----------;+--;+----------;+---;+---;+--------------------;+--------------------
13387259642548 ;022/127;;;SSP802157-1;GLENMARK F;174818;AGV LOG SA;ACACIA COM;MG;VARGINHA;VGE;V05;002968338800022 ;
13387259642685 ;023/127;;;SSP802157-1;GLENMARK F;174818;AGV LOG SA;ACACIA COM;MG;VARGINHA;VGE;V05;002968338800023 ;
13387259642712 ;024/127;;;SSP802157-1;GLENMARK F;174818;AGV LOG SA;ACACIA COM;MG;VARGINHA;VGE;V05;002968338800024 ;
13387259642850 ;025/127;;;SSP802157-1;GLENMARK F;174818;AGV LOG SA;ACACIA COM;MG;VARGINHA;VGE;V05;002968338800025 ;
13387259642997 ;026/127;;;SSP802157-1;GLENMARK F;174818;AGV LOG SA;ACACIA COM;MG;VARGINHA;VGE;V05;002968338800026 ;
13387259643094 ;027/127;;;SSP802157-1;GLENMARK F;174818;AGV LOG SA;ACACIA COM;MG;VARGINHA;VGE;V05;002968338800027 ;
13387259643121 ;028/127;;;SSP802157-1;GLENMARK F;174818;AGV LOG SA;ACACIA COM;MG;VARGINHA;VGE;V05;002968338800028 ;
13387259643269 ;029/127;;;SSP802157-1;GLENMARK F;174818;AGV LOG SA;ACACIA COM;MG;VARGINHA;VGE;V05;002968338800029 ;
13387259643300 ;030/127;;;SSP802157-1;GLENMARK F;174818;AGV LOG SA;ACACIA COM;MG;VARGINHA;VGE;V05;002968338800030 ;
13387259643433 ;031/127;;;SSP802157-1;GLENMARK F;174818;AGV LOG SA;ACACIA COM;MG;VARGINHA;VGE;V05;002968338800031 ;
13387259643570 ;032/127;;;SSP802157-1;GLENMARK F;174818;AGV LOG SA;ACACIA COM;MG;VARGINHA;VGE;V05;002968338800032 ;
13387259643608 ;033/127;;;SSP802157-1;GLENMARK F;174818;AGV LOG SA;ACACIA COM;MG;VARGINHA;VGE;V05;002968338800033 ;
13387259643745 ;034/127;;;SSP802157-1;GLENMARK F;174818;AGV LOG SA;ACACIA COM;MG;VARGINHA;VGE;V05;002968338800034 ;
13387259643882 ;035/127;;;SSP802157-1;GLENMARK F;174818;AGV LOG SA;ACACIA COM;MG;VARGINHA;VGE;V05;002968338800035 ;
13387259643910 ;036/127;;;SSP802157-1;GLENMARK F;174818;AGV LOG SA;ACACIA COM;MG;VARGINHA;VGE;V05;002968338800036 ;
13387259644017 ;037/127;;;SSP802157-1;GLENMARK F;174818;AGV LOG SA;ACACIA COM;MG;VARGINHA;VGE;V05;002968338800037 ;
13387259644154 ;038/127;;;SSP802157-1;GLENMARK F;174818;AGV LOG SA;ACACIA COM;MG;VARGINHA;VGE;V05;002968338800038 ;
13387259644291 ;039/127;;;SSP802157-1;GLENMARK F;174818;AGV LOG SA;ACACIA COM;MG;VARGINHA;VGE;V05;002968338800039 ;
13387259644329 ;040/127;;;SSP802157-1;GLENMARK F;174818;AGV LOG SA;ACACIA COM;MG;VARGINHA;VGE;V05;002968338800040 ;
13387259644466 ;041/127;;;SSP802157-1;GLENMARK F;174818;AGV LOG SA;ACACIA COM;MG;VARGINHA;VGE;V05;002968338800041 ;
13387259644507 ;042/127;;;SSP802157-1;GLENMARK F;174818;AGV LOG SA;ACACIA COM;MG;VARGINHA;VGE;V05;002968338800042 ;
13387259644630 ;043/127;;;SSP802157-1;GLENMARK F;174818;AGV LOG SA;ACACIA COM;MG;VARGINHA;VGE;V05;002968338800043 ;
13387259644778 ;044/127;;;SSP802157-1;GLENMARK F;174818;AGV LOG SA;ACACIA COM;MG;VARGINHA;VGE;V05;002968338800044 ;
13387259644805 ;045/127;;;SSP802157-1;GLENMARK F;174818;AGV LOG SA;ACACIA COM;MG;VARGINHA;VGE;V05;002968338800045 ;
13387259644942 ;046/127;;;SSP802157-1;GLENMARK F;174818;AGV LOG SA;ACACIA COM;MG;VARGINHA;VGE;V05;002968338800046 ;
13387259645040 ;047/127;;;SSP802157-1;GLENMARK F;174818;AGV LOG SA;ACACIA COM;MG;VARGINHA;VGE;V05;002968338800047 ;
13387259645187 ;048/127;;;SSP802157-1;GLENMARK F;174818;AGV LOG SA;ACACIA COM;MG;VARGINHA;VGE;V05;002968338800048 ;
13387259645214 ;049/127;;;SSP802157-1;GLENMARK F;174818;AGV LOG SA;ACACIA COM;MG;VARGINHA;VGE;V05;002968338800049 ;
13387259645351 ;050/127;;;SSP802157-1;GLENMARK F;174818;AGV LOG SA;ACACIA COM;MG;VARGINHA;VGE;V05;002968338800050 ;
13387259645499 ;051/127;;;SSP802157-1;GLENMARK F;174818;AGV LOG SA;ACACIA COM;MG;VARGINHA;VGE;V05;002968338800051 ;
13387259645526 ;052/127;;;SSP802157-1;GLENMARK F;174818;AGV LOG SA;ACACIA COM;MG;VARGINHA;VGE;V05;002968338800052 ;
13387259645663 ;053/127;;;SSP802157-1;GLENMARK F;174818;AGV LOG SA;ACACIA COM;MG;VARGINHA;VGE;V05;002968338800053 ;
13387259645704 ;054/127;;;SSP802157-1;GLENMARK F;174818;AGV LOG SA;ACACIA COM;MG;VARGINHA;VGE;V05;002968338800054 ;
13387259645838 ;055/127;;;SSP802157-1;GLENMARK F;174818;AGV LOG SA;ACACIA COM;MG;VARGINHA;VGE;V05;002968338800055 ;
13387259645975 ;056/127;;;SSP802157-1;GLENMARK F;174818;AGV LOG SA;ACACIA COM;MG;VARGINHA;VGE;V05;002968338800056 ;
13387259646072 ;057/127;;;SSP802157-1;GLENMARK F;174818;AGV LOG SA;ACACIA COM;MG;VARGINHA;VGE;V05;002968338800057 ;
13387259646100 ;058/127;;;SSP802157-1;GLENMARK F;174818;AGV LOG SA;ACACIA COM;MG;VARGINHA;VGE;V05;002968338800058 ;
13387259646247 ;059/127;;;SSP802157-1;GLENMARK F;174818;AGV LOG SA;ACACIA COM;MG;VARGINHA;VGE;V05;002968338800059 ;
13387259646384 ;060/127;;;SSP802157-1;GLENMARK F;174818;AGV LOG SA;ACACIA COM;MG;VARGINHA;VGE;V05;002968338800060 ;
13387259646411 ;061/127;;;SSP802157-1;GLENMARK F;174818;AGV LOG SA;ACACIA COM;MG;VARGINHA;VGE;V05;002968338800061 ;
13387259646559 ;062/127;;;SSP802157-1;GLENMARK F;174818;AGV LOG SA;ACACIA COM;MG;VARGINHA;VGE;V05;002968338800062 ;
13387259646696 ;063/127;;;SSP802157-1;GLENMARK F;174818;AGV LOG SA;ACACIA COM;MG;VARGINHA;VGE;V05;002968338800063 ;
13387259646723 ;064/127;;;SSP802157-1;GLENMARK F;174818;AGV LOG SA;ACACIA COM;MG;VARGINHA;VGE;V05;002968338800064 ;
13387259646860 ;065/127;;;SSP802157-1;GLENMARK F;174818;AGV LOG SA;ACACIA COM;MG;VARGINHA;VGE;V05;002968338800065 ;
13387259646901 ;066/127;;;SSP802157-1;GLENMARK F;174818;AGV LOG SA;ACACIA COM;MG;VARGINHA;VGE;V05;002968338800066 ;
13387259647009 ;067/127;;;SSP802157-1;GLENMARK F;174818;AGV LOG SA;ACACIA COM;MG;VARGINHA;VGE;V05;002968338800067 ;
13387259647132 ;068/127;;;SSP802157-1;GLENMARK F;174818;AGV LOG SA;ACACIA COM;MG;VARGINHA;VGE;V05;002968338800068 ;
13387259647270 ;069/127;;;SSP802157-1;GLENMARK F;174818;AGV LOG SA;ACACIA COM;MG;VARGINHA;VGE;V05;002968338800069 ;
13387259647307 ;070/127;;;SSP802157-1;GLENMARK F;174818;AGV LOG SA;ACACIA COM;MG;VARGINHA;VGE;V05;002968338800070 ;
13387259647444 ;071/127;;;SSP802157-1;GLENMARK F;174818;AGV LOG SA;ACACIA COM;MG;VARGINHA;VGE;V05;002968338800071 ;
13387259647581 ;072/127;;;SSP802157-1;GLENMARK F;174818;AGV LOG SA;ACACIA COM;MG;VARGINHA;VGE;V05;002968338800072 ;
13387259647619 ;073/127;;;SSP802157-1;GLENMARK F;174818;AGV LOG SA;ACACIA COM;MG;VARGINHA;VGE;V05;002968338800073 ;
;;;;;;;;;;;;;;
SAL EXPRESS SOL;LOG E TRANS LT;;;;;;;;;;;;;PAG:    7
SSWBAR;;;;;;DESCARGA;DE COLETA;;;;;;;11/06/2025 11:17
PLACA: TCO7E64;;;;;;;;;;;;;;
;;;;;;;;;;;;;;
VOLUMES;;;;;;;;;;;;;;
----------------;+-------------;+---------;+--------;+------------;+----------;+---------;+----------;+----------;+--;+----------;+---;+---;+--------------------;+--------------------
NR;VOLUME;SITUACAO;USUARIO;CTRC;REMETENTE;NF;PAGADOR;DESTINATAR;UF;CIDADE;UNI;SET;VOLUME_CLIE;MERCADORIA
----------------;+-------------;+---------;+--------;+------------;+----------;+---------;+----------;+----------;+--;+----------;+---;+---;+--------------------;+--------------------
13387259647756 ;074/127;;;SSP802157-1;GLENMARK F;174818;AGV LOG SA;ACACIA COM;MG;VARGINHA;VGE;V05;002968338800074 ;
13387259647893 ;075/127;;;SSP802157-1;GLENMARK F;174818;AGV LOG SA;ACACIA COM;MG;VARGINHA;VGE;V05;002968338800075 ;
13387259647920 ;076/127;;;SSP802157-1;GLENMARK F;174818;AGV LOG SA;ACACIA COM;MG;VARGINHA;VGE;V05;002968338800076 ;
13387259648028 ;077/127;;;SSP802157-1;GLENMARK F;174818;AGV LOG SA;ACACIA COM;MG;VARGINHA;VGE;V05;002968338800077 ;
13387259648165 ;078/127;;;SSP802157-1;GLENMARK F;174818;AGV LOG SA;ACACIA COM;MG;VARGINHA;VGE;V05;002968338800078 ;
13387259648206 ;079/127;;;SSP802157-1;GLENMARK F;174818;AGV LOG SA;ACACIA COM;MG;VARGINHA;VGE;V05;002968338800079 ;
13387259648330 ;080/127;;;SSP802157-1;GLENMARK F;174818;AGV LOG SA;ACACIA COM;MG;VARGINHA;VGE;V05;002968338800080 ;
13387259648477 ;081/127;;;SSP802157-1;GLENMARK F;174818;AGV LOG SA;ACACIA COM;MG;VARGINHA;VGE;V05;002968338800081 ;
13387259648504 ;082/127;;;SSP802157-1;GLENMARK F;174818;AGV LOG SA;ACACIA COM;MG;VARGINHA;VGE;V05;002968338800082 ;
13387259648641 ;083/127;;;SSP802157-1;GLENMARK F;174818;AGV LOG SA;ACACIA COM;MG;VARGINHA;VGE;V05;002968338800083 ;
13387259648953 ;084/127;;;SSP802157-1;GLENMARK F;174820;AGV LOG SA;ACACIA COM;MG;VARGINHA;VGE;V05;002968340200001 ;
13387259649050 ;085/127;;;SSP802157-1;GLENMARK F;174820;AGV LOG SA;ACACIA COM;MG;VARGINHA;VGE;V05;002968340200002 ;
13387259649198 ;086/127;;;SSP802157-1;GLENMARK F;174820;AGV LOG SA;ACACIA COM;MG;VARGINHA;VGE;V05;002968340200003 ;
13387259649225 ;087/127;;;SSP802157-1;GLENMARK F;174820;AGV LOG SA;ACACIA COM;MG;VARGINHA;VGE;V05;002968340200004 ;
13387259649362 ;088/127;;;SSP802157-1;GLENMARK F;174820;AGV LOG SA;ACACIA COM;MG;VARGINHA;VGE;V05;002968340200005 ;
13387259649403 ;089/127;;;SSP802157-1;GLENMARK F;174820;AGV LOG SA;ACACIA COM;MG;VARGINHA;VGE;V05;002968340200006 ;
13387259649537 ;090/127;;;SSP802157-1;GLENMARK F;174820;AGV LOG SA;ACACIA COM;MG;VARGINHA;VGE;V05;002968340200007 ;
13387259649674 ;091/127;;;SSP802157-1;GLENMARK F;174820;AGV LOG SA;ACACIA COM;MG;VARGINHA;VGE;V05;002968340200008 ;
13387259649701 ;092/127;;;SSP802157-1;GLENMARK F;174820;AGV LOG SA;ACACIA COM;MG;VARGINHA;VGE;V05;002968340200009 ;
13387259649849 ;093/127;;;SSP802157-1;GLENMARK F;174820;AGV LOG SA;ACACIA COM;MG;VARGINHA;VGE;V05;002968340200010 ;
13387259649986 ;094/127;;;SSP802157-1;GLENMARK F;174820;AGV LOG SA;ACACIA COM;MG;VARGINHA;VGE;V05;002968340200011 ;
13387259650021 ;095/127;;;SSP802157-1;GLENMARK F;174820;AGV LOG SA;ACACIA COM;MG;VARGINHA;VGE;V05;002968340200012 ;
13387259650169 ;096/127;;;SSP802157-1;GLENMARK F;174820;AGV LOG SA;ACACIA COM;MG;VARGINHA;VGE;V05;002968340200013 ;
13387259650200 ;097/127;;;SSP802157-1;GLENMARK F;174820;AGV LOG SA;ACACIA COM;MG;VARGINHA;VGE;V05;002968340200014 ;
13387259650333 ;098/127;;;SSP802157-1;GLENMARK F;174820;AGV LOG SA;ACACIA COM;MG;VARGINHA;VGE;V05;002968340200015 ;
13387259650470 ;099/127;;;SSP802157-1;GLENMARK F;174820;AGV LOG SA;ACACIA COM;MG;VARGINHA;VGE;V05;002968340200016 ;
13387259650508 ;100/127;;;SSP802157-1;GLENMARK F;174820;AGV LOG SA;ACACIA COM;MG;VARGINHA;VGE;V05;002968340200017 ;
13387259650645 ;101/127;;;SSP802157-1;GLENMARK F;174820;AGV LOG SA;ACACIA COM;MG;VARGINHA;VGE;V05;002968340200018 ;
13387259650782 ;102/127;;;SSP802157-1;GLENMARK F;174820;AGV LOG SA;ACACIA COM;MG;VARGINHA;VGE;V05;002968340200019 ;
13387259650810 ;103/127;;;SSP802157-1;GLENMARK F;174820;AGV LOG SA;ACACIA COM;MG;VARGINHA;VGE;V05;002968340200020 ;
13387259650957 ;104/127;;;SSP802157-1;GLENMARK F;174820;AGV LOG SA;ACACIA COM;MG;VARGINHA;VGE;V05;002968340200021 ;
13387259651054 ;105/127;;;SSP802157-1;GLENMARK F;174820;AGV LOG SA;ACACIA COM;MG;VARGINHA;VGE;V05;002968340200022 ;
13387259651191 ;106/127;;;SSP802157-1;GLENMARK F;174820;AGV LOG SA;ACACIA COM;MG;VARGINHA;VGE;V05;002968340200023 ;
13387259651229 ;107/127;;;SSP802157-1;GLENMARK F;174820;AGV LOG SA;ACACIA COM;MG;VARGINHA;VGE;V05;002968340200024 ;
13387259651366 ;108/127;;;SSP802157-1;GLENMARK F;174820;AGV LOG SA;ACACIA COM;MG;VARGINHA;VGE;V05;002968340200025 ;
13387259651407 ;109/127;;;SSP802157-1;GLENMARK F;174820;AGV LOG SA;ACACIA COM;MG;VARGINHA;VGE;V05;002968340200026 ;
13387259651530 ;110/127;;;SSP802157-1;GLENMARK F;174820;AGV LOG SA;ACACIA COM;MG;VARGINHA;VGE;V05;002968340200027 ;
13387259651678 ;111/127;;;SSP802157-1;GLENMARK F;174820;AGV LOG SA;ACACIA COM;MG;VARGINHA;VGE;V05;002968340200028 ;
13387259651705 ;112/127;;;SSP802157-1;GLENMARK F;174820;AGV LOG SA;ACACIA COM;MG;VARGINHA;VGE;V05;002968340200029 ;
13387259651842 ;113/127;;;SSP802157-1;GLENMARK F;174820;AGV LOG SA;ACACIA COM;MG;VARGINHA;VGE;V05;002968340200030 ;
13387259651980 ;114/127;;;SSP802157-1;GLENMARK F;174820;AGV LOG SA;ACACIA COM;MG;VARGINHA;VGE;V05;002968340200031 ;
13387259652087 ;115/127;;;SSP802157-1;GLENMARK F;174820;AGV LOG SA;ACACIA COM;MG;VARGINHA;VGE;V05;002968340200032 ;
13387259652114 ;116/127;;;SSP802157-1;GLENMARK F;174820;AGV LOG SA;ACACIA COM;MG;VARGINHA;VGE;V05;002968340200033 ;
13387259652251 ;117/127;;;SSP802157-1;GLENMARK F;174820;AGV LOG SA;ACACIA COM;MG;VARGINHA;VGE;V05;002968340200034 ;
13387259652399 ;118/127;;;SSP802157-1;GLENMARK F;174820;AGV LOG SA;ACACIA COM;MG;VARGINHA;VGE;V05;002968340200035 ;
13387259652426 ;119/127;;;SSP802157-1;GLENMARK F;174820;AGV LOG SA;ACACIA COM;MG;VARGINHA;VGE;V05;002968340200036 ;
13387259652563 ;120/127;;;SSP802157-1;GLENMARK F;174820;AGV LOG SA;ACACIA COM;MG;VARGINHA;VGE;V05;002968340200037 ;
13387259652604 ;121/127;;;SSP802157-1;GLENMARK F;174820;AGV LOG SA;ACACIA COM;MG;VARGINHA;VGE;V05;002968340200038 ;
13387259652738 ;122/127;;;SSP802157-1;GLENMARK F;174820;AGV LOG SA;ACACIA COM;MG;VARGINHA;VGE;V05;002968340200039 ;
13387259652875 ;123/127;;;SSP802157-1;GLENMARK F;174820;AGV LOG SA;ACACIA COM;MG;VARGINHA;VGE;V05;002968340200040 ;
13387259652902 ;124/127;;;SSP802157-1;GLENMARK F;174820;AGV LOG SA;ACACIA COM;MG;VARGINHA;VGE;V05;002968340200041 ;
13387259653000 ;125/127;;;SSP802157-1;GLENMARK F;174820;AGV LOG SA;ACACIA COM;MG;VARGINHA;VGE;V05;002968340200042 ;
;;;;;;;;;;;;;;
SAL EXPRESS SOL;LOG E TRANS LT;;;;;;;;;;;;;PAG:    8
SSWBAR;;;;;;DESCARGA;DE COLETA;;;;;;;11/06/2025 11:17
PLACA: TCO7E64;;;;;;;;;;;;;;
;;;;;;;;;;;;;;
VOLUMES;;;;;;;;;;;;;;
----------------;+-------------;+---------;+--------;+------------;+----------;+---------;+----------;+----------;+--;+----------;+---;+---;+--------------------;+--------------------
NR;VOLUME;SITUACAO;USUARIO;CTRC;REMETENTE;NF;PAGADOR;DESTINATAR;UF;CIDADE;UNI;SET;VOLUME_CLIE;MERCADORIA
----------------;+-------------;+---------;+--------;+------------;+----------;+---------;+----------;+----------;+--;+----------;+---;+---;+--------------------;+--------------------
13387259653147 ;126/127;;;SSP802157-1;GLENMARK F;174820;AGV LOG SA;ACACIA COM;MG;VARGINHA;VGE;V05;002968340200043 ;
13387259653284 ;127/127;;;SSP802157-1;GLENMARK F;174820;AGV LOG SA;ACACIA COM;MG;VARGINHA;VGE;V05;002968340200044 ;
13387263405512 ;001/081;;;SSP802653-0;SYNTEC DO;67840;AGV LOG SA;VETBR SAUD;MG;PERDOES;SAA;2;002972227000001 ;
13387263405650 ;002/081;;;SSP802653-0;SYNTEC DO;67840;AGV LOG SA;VETBR SAUD;MG;PERDOES;SAA;2;002972227000002 ;
13387263405797 ;003/081;;;SSP802653-0;SYNTEC DO;67840;AGV LOG SA;VETBR SAUD;MG;PERDOES;SAA;2;002972227000003 ;
13387263405824 ;004/081;;;SSP802653-0;SYNTEC DO;67840;AGV LOG SA;VETBR SAUD;MG;PERDOES;SAA;2;002972227000004 ;
13387263405961 ;005/081;;;SSP802653-0;SYNTEC DO;67840;AGV LOG SA;VETBR SAUD;MG;PERDOES;SAA;2;002972227000005 ;
13387263406069 ;006/081;;;SSP802653-0;SYNTEC DO;67840;AGV LOG SA;VETBR SAUD;MG;PERDOES;SAA;2;002972227000006 ;
13387263406100 ;007/081;;;SSP802653-0;SYNTEC DO;67840;AGV LOG SA;VETBR SAUD;MG;PERDOES;SAA;2;002972227000007 ;
13387263406233 ;008/081;;;SSP802653-0;SYNTEC DO;67840;AGV LOG SA;VETBR SAUD;MG;PERDOES;SAA;2;002972227000008 ;
13387263406370 ;009/081;;;SSP802653-0;SYNTEC DO;67840;AGV LOG SA;VETBR SAUD;MG;PERDOES;SAA;2;002972227000009 ;
13387263406408 ;010/081;;;SSP802653-0;SYNTEC DO;67840;AGV LOG SA;VETBR SAUD;MG;PERDOES;SAA;2;002972227000010 ;
13387263406545 ;011/081;;;SSP802653-0;SYNTEC DO;67840;AGV LOG SA;VETBR SAUD;MG;PERDOES;SAA;2;002972227000011 ;
13387263406682 ;012/081;;;SSP802653-0;SYNTEC DO;67840;AGV LOG SA;VETBR SAUD;MG;PERDOES;SAA;2;002972227000012 ;
13387263406710 ;013/081;;;SSP802653-0;SYNTEC DO;67840;AGV LOG SA;VETBR SAUD;MG;PERDOES;SAA;2;002972227000013 ;
13387263406857 ;014/081;;;SSP802653-0;SYNTEC DO;67840;AGV LOG SA;VETBR SAUD;MG;PERDOES;SAA;2;002972227000014 ;
13387263406994 ;015/081;;;SSP802653-0;SYNTEC DO;67840;AGV LOG SA;VETBR SAUD;MG;PERDOES;SAA;2;002972227000015 ;
13387263407091 ;016/081;;;SSP802653-0;SYNTEC DO;67840;AGV LOG SA;VETBR SAUD;MG;PERDOES;SAA;2;002972227000016 ;
13387263407129 ;017/081;;;SSP802653-0;SYNTEC DO;67840;AGV LOG SA;VETBR SAUD;MG;PERDOES;SAA;2;002972227000017 ;
13387263407266 ;018/081;;;SSP802653-0;SYNTEC DO;67840;AGV LOG SA;VETBR SAUD;MG;PERDOES;SAA;2;002972227000018 ;
13387263407307 ;019/081;;;SSP802653-0;SYNTEC DO;67840;AGV LOG SA;VETBR SAUD;MG;PERDOES;SAA;2;002972227000019 ;
13387263407430 ;020/081;;;SSP802653-0;SYNTEC DO;67840;AGV LOG SA;VETBR SAUD;MG;PERDOES;SAA;2;002972227000020 ;
13387263407578 ;021/081;;;SSP802653-0;SYNTEC DO;67840;AGV LOG SA;VETBR SAUD;MG;PERDOES;SAA;2;002972227000021 ;
13387263407605 ;022/081;;;SSP802653-0;SYNTEC DO;67840;AGV LOG SA;VETBR SAUD;MG;PERDOES;SAA;2;002972227000022 ;
13387263407742 ;023/081;;;SSP802653-0;SYNTEC DO;67840;AGV LOG SA;VETBR SAUD;MG;PERDOES;SAA;2;002972227000023 ;
13387263407880 ;024/081;;;SSP802653-0;SYNTEC DO;67840;AGV LOG SA;VETBR SAUD;MG;PERDOES;SAA;2;002972227000024 ;
13387263407917 ;025/081;;;SSP802653-0;SYNTEC DO;67840;AGV LOG SA;VETBR SAUD;MG;PERDOES;SAA;2;002972227000025 ;
13387263408014 ;026/081;;;SSP802653-0;SYNTEC DO;67840;AGV LOG SA;VETBR SAUD;MG;PERDOES;SAA;2;002972227000026 ;
13387263408151 ;027/081;;;SSP802653-0;SYNTEC DO;67840;AGV LOG SA;VETBR SAUD;MG;PERDOES;SAA;2;002972227000027 ;
13387263408299 ;028/081;;;SSP802653-0;SYNTEC DO;67840;AGV LOG SA;VETBR SAUD;MG;PERDOES;SAA;2;002972227000028 ;
13387263408326 ;029/081;;;SSP802653-0;SYNTEC DO;67840;AGV LOG SA;VETBR SAUD;MG;PERDOES;SAA;2;002972227000029 ;
13387263408463 ;030/081;;;SSP802653-0;SYNTEC DO;67840;AGV LOG SA;VETBR SAUD;MG;PERDOES;SAA;2;002972227000030 ;
13387263408504 ;031/081;;;SSP802653-0;SYNTEC DO;67840;AGV LOG SA;VETBR SAUD;MG;PERDOES;SAA;2;002972227000031 ;
13387263408638 ;032/081;;;SSP802653-0;SYNTEC DO;67840;AGV LOG SA;VETBR SAUD;MG;PERDOES;SAA;2;002972227000032 ;
13387263408775 ;033/081;;;SSP802653-0;SYNTEC DO;67840;AGV LOG SA;VETBR SAUD;MG;PERDOES;SAA;2;002972227000033 ;
13387263408802 ;034/081;;;SSP802653-0;SYNTEC DO;67840;AGV LOG SA;VETBR SAUD;MG;PERDOES;SAA;2;002972227000034 ;
13387263408940 ;035/081;;;SSP802653-0;SYNTEC DO;67840;AGV LOG SA;VETBR SAUD;MG;PERDOES;SAA;2;002972227000035 ;
13387263409047 ;036/081;;;SSP802653-0;SYNTEC DO;67840;AGV LOG SA;VETBR SAUD;MG;PERDOES;SAA;2;002972227000036 ;
13387263409184 ;037/081;;;SSP802653-0;SYNTEC DO;67840;AGV LOG SA;VETBR SAUD;MG;PERDOES;SAA;2;002972227000037 ;
13387263409211 ;038/081;;;SSP802653-0;SYNTEC DO;67840;AGV LOG SA;VETBR SAUD;MG;PERDOES;SAA;2;002972227000038 ;
13387263409359 ;039/081;;;SSP802653-0;SYNTEC DO;67840;AGV LOG SA;VETBR SAUD;MG;PERDOES;SAA;2;002972227000039 ;
13387263409496 ;040/081;;;SSP802653-0;SYNTEC DO;67840;AGV LOG SA;VETBR SAUD;MG;PERDOES;SAA;2;002972227000040 ;
13387263409523 ;041/081;;;SSP802653-0;SYNTEC DO;67840;AGV LOG SA;VETBR SAUD;MG;PERDOES;SAA;2;002972227000041 ;
13387263409660 ;042/081;;;SSP802653-0;SYNTEC DO;67840;AGV LOG SA;VETBR SAUD;MG;PERDOES;SAA;2;002972227000042 ;
13387263409701 ;043/081;;;SSP802653-0;SYNTEC DO;67840;AGV LOG SA;VETBR SAUD;MG;PERDOES;SAA;2;002972227000043 ;
13387263409835 ;044/081;;;SSP802653-0;SYNTEC DO;67840;AGV LOG SA;VETBR SAUD;MG;PERDOES;SAA;2;002972227000044 ;
13387263409972 ;045/081;;;SSP802653-0;SYNTEC DO;67840;AGV LOG SA;VETBR SAUD;MG;PERDOES;SAA;2;002972227000045 ;
13387263410018 ;046/081;;;SSP802653-0;SYNTEC DO;67840;AGV LOG SA;VETBR SAUD;MG;PERDOES;SAA;2;002972227000046 ;
13387263410155 ;047/081;;;SSP802653-0;SYNTEC DO;67840;AGV LOG SA;VETBR SAUD;MG;PERDOES;SAA;2;002972227000047 ;
13387263410292 ;048/081;;;SSP802653-0;SYNTEC DO;67840;AGV LOG SA;VETBR SAUD;MG;PERDOES;SAA;2;002972227000048 ;
13387263410320 ;049/081;;;SSP802653-0;SYNTEC DO;67840;AGV LOG SA;VETBR SAUD;MG;PERDOES;SAA;2;002972227000049 ;
13387263410467 ;050/081;;;SSP802653-0;SYNTEC DO;67840;AGV LOG SA;VETBR SAUD;MG;PERDOES;SAA;2;002972227000050 ;
;;;;;;;;;;;;;;
SAL EXPRESS SOL;LOG E TRANS LT;;;;;;;;;;;;;PAG:    9
SSWBAR;;;;;;DESCARGA;DE COLETA;;;;;;;11/06/2025 11:17
PLACA: TCO7E64;;;;;;;;;;;;;;
;;;;;;;;;;;;;;
VOLUMES;;;;;;;;;;;;;;
----------------;+-------------;+---------;+--------;+------------;+----------;+---------;+----------;+----------;+--;+----------;+---;+---;+--------------------;+--------------------
NR;VOLUME;SITUACAO;USUARIO;CTRC;REMETENTE;NF;PAGADOR;DESTINATAR;UF;CIDADE;UNI;SET;VOLUME_CLIE;MERCADORIA
----------------;+-------------;+---------;+--------;+------------;+----------;+---------;+----------;+----------;+--;+----------;+---;+---;+--------------------;+--------------------
13387263410508 ;051/081;;;SSP802653-0;SYNTEC DO;67840;AGV LOG SA;VETBR SAUD;MG;PERDOES;SAA;2;002972227000051 ;
13387263410631 ;052/081;;;SSP802653-0;SYNTEC DO;67840;AGV LOG SA;VETBR SAUD;MG;PERDOES;SAA;2;002972227000052 ;
13387263410779 ;053/081;;;SSP802653-0;SYNTEC DO;67840;AGV LOG SA;VETBR SAUD;MG;PERDOES;SAA;2;002972227000053 ;
13387263410806 ;054/081;;;SSP802653-0;SYNTEC DO;67840;AGV LOG SA;VETBR SAUD;MG;PERDOES;SAA;2;002972227000054 ;
13387263410943 ;055/081;;;SSP802653-0;SYNTEC DO;67840;AGV LOG SA;VETBR SAUD;MG;PERDOES;SAA;2;002972227000055 ;
13387263411040 ;056/081;;;SSP802653-0;SYNTEC DO;67840;AGV LOG SA;VETBR SAUD;MG;PERDOES;SAA;2;002972227000056 ;
13387263411188 ;057/081;;;SSP802653-0;SYNTEC DO;67840;AGV LOG SA;VETBR SAUD;MG;PERDOES;SAA;2;002972227000057 ;
13387263411215 ;058/081;;;SSP802653-0;SYNTEC DO;67840;AGV LOG SA;VETBR SAUD;MG;PERDOES;SAA;2;002972227000058 ;
13387263411352 ;059/081;;;SSP802653-0;SYNTEC DO;67840;AGV LOG SA;VETBR SAUD;MG;PERDOES;SAA;2;002972227000059 ;
13387263411490 ;060/081;;;SSP802653-0;SYNTEC DO;67840;AGV LOG SA;VETBR SAUD;MG;PERDOES;SAA;2;002972227000060 ;
13387263411527 ;061/081;;;SSP802653-0;SYNTEC DO;67840;AGV LOG SA;VETBR SAUD;MG;PERDOES;SAA;2;002972227000061 ;
13387263411664 ;062/081;;;SSP802653-0;SYNTEC DO;67840;AGV LOG SA;VETBR SAUD;MG;PERDOES;SAA;2;002972227000062 ;
13387263411705 ;063/081;;;SSP802653-0;SYNTEC DO;67840;AGV LOG SA;VETBR SAUD;MG;PERDOES;SAA;2;002972227000063 ;
13387263411839 ;064/081;;;SSP802653-0;SYNTEC DO;67840;AGV LOG SA;VETBR SAUD;MG;PERDOES;SAA;2;002972227000064 ;
13387263411976 ;065/081;;;SSP802653-0;SYNTEC DO;67840;AGV LOG SA;VETBR SAUD;MG;PERDOES;SAA;2;002972227000065 ;
13387263412073 ;066/081;;;SSP802653-0;SYNTEC DO;67840;AGV LOG SA;VETBR SAUD;MG;PERDOES;SAA;2;002972227000066 ;
13387263412100 ;067/081;;;SSP802653-0;SYNTEC DO;67840;AGV LOG SA;VETBR SAUD;MG;PERDOES;SAA;2;002972227000067 ;
13387263412248 ;068/081;;;SSP802653-0;SYNTEC DO;67840;AGV LOG SA;VETBR SAUD;MG;PERDOES;SAA;2;002972227000068 ;
13387263412385 ;069/081;;;SSP802653-0;SYNTEC DO;67840;AGV LOG SA;VETBR SAUD;MG;PERDOES;SAA;2;002972227000069 ;
13387263412412 ;070/081;;;SSP802653-0;SYNTEC DO;67840;AGV LOG SA;VETBR SAUD;MG;PERDOES;SAA;2;002972227000070 ;
13387263412550 ;071/081;;;SSP802653-0;SYNTEC DO;67840;AGV LOG SA;VETBR SAUD;MG;PERDOES;SAA;2;002972227000071 ;
13387263412697 ;072/081;;;SSP802653-0;SYNTEC DO;67840;AGV LOG SA;VETBR SAUD;MG;PERDOES;SAA;2;002972227000072 ;
13387263412724 ;073/081;;;SSP802653-0;SYNTEC DO;67840;AGV LOG SA;VETBR SAUD;MG;PERDOES;SAA;2;002972227000073 ;
13387263412861 ;074/081;;;SSP802653-0;SYNTEC DO;67840;AGV LOG SA;VETBR SAUD;MG;PERDOES;SAA;2;002972227000074 ;
13387263412902 ;075/081;;;SSP802653-0;SYNTEC DO;67840;AGV LOG SA;VETBR SAUD;MG;PERDOES;SAA;2;002972227000075 ;
13387263413000 ;076/081;;;SSP802653-0;SYNTEC DO;67840;AGV LOG SA;VETBR SAUD;MG;PERDOES;SAA;2;002972227000076 ;
13387263413133 ;077/081;;;SSP802653-0;SYNTEC DO;67840;AGV LOG SA;VETBR SAUD;MG;PERDOES;SAA;2;002972227000077 ;
13387263413270 ;078/081;;;SSP802653-0;SYNTEC DO;67840;AGV LOG SA;VETBR SAUD;MG;PERDOES;SAA;2;002972227000078 ;
13387263413308 ;079/081;;;SSP802653-0;SYNTEC DO;67840;AGV LOG SA;VETBR SAUD;MG;PERDOES;SAA;2;002972227000079 ;
13387263413445 ;080/081;;;SSP802653-0;SYNTEC DO;67840;AGV LOG SA;VETBR SAUD;MG;PERDOES;SAA;2;002972227000080 ;
13387263413582 ;081/081;;;SSP802653-0;SYNTEC DO;67840;AGV LOG SA;VETBR SAUD;MG;PERDOES;SAA;2;002972227000081 ;
----------------;+-------------;+---------;+--------;+------------;+----------;+---------;+----------;+----------;+--;+----------;+---;+---;+--------------------;+--------------------
TOTAL: 447 VOLUM;ES;;;;;;;;;;;;;
